id;username;email;phone
1;survey yippee;Oral30@gmail.com;630.654.2722 x6692
2;yuck;Roslyn.Nitzsche@gmail.com;1-547-563-9805 x052
3;faint temperature gee;Allison_Kling@yahoo.com;1-659-956-6843 x251
4;cross-stitch notwithstanding;Maximilian.Block@yahoo.com;1-506-816-3737 x8831
5;yum fooey healthily;Mitchel34@hotmail.com;778-955-3510
6;primary whether;Retta_Altenwerth@hotmail.com;454-488-3615 x947
7;busily;Brown.Jast@hotmail.com;1-357-927-6487 x940
8;tatami;Zakary.Schamberger@gmail.com;1-888-433-0378 x0134
9;for;Sheridan19@hotmail.com;444.528.0916
10;round boohoo;Shanie_Prosacco82@yahoo.com;1-636-529-2268 x295
